{
  "test_data_store_path": "/Users/vaibhavbhatnagar/AS76/recon_test",
  "thread_exit_timeout": 100,
  "min_tray_index": 1,
  "max_tray_index": 1,
  "app_exit_timeout": 600,
  "eject_tray_position": {
    "x": 0,
    "y": 0,
    "z": 0
  },
  "retract_tray_position": {
    "x": 80000,
    "y": 0,
    "z": 0
  },
  "turbo_jpeg_lib_path": {
    "win32": "C:\\libjpeg-turbo64\\bin\\turbojpeg.dll",
    "linux": "/usr/lib/x86_64-linux-gnu/libturbojpeg.so.0"
  },
  "ISP_Config": {
    "default": {
      "DistCorrMethod": "Bayer",
      "DistCorrAvailableMethods": ["RGB", "Bayer"],
      "DenoiseMethod": "cv2NlMeansCol",
      "UseGPU": true,
      "convert2unit8": true,
      "Gamma": 1.0,
      "illum_profile_config": {
        "norm_to_value": 255,
        "num_frames_to_average": 30,
        "save_illum_profile_pickle": true,
        "save_illum_profile_jpeg": true,
        "mean_intensity_thresh": 150,
        "max_intensity_thresh": 250,
        "kernel_size": [3, 3],
        "sigma": [2, 2],
        "NormaliseFactor":255
      },
      "background_normalization_config": {
        "dilation_params": {
            "kernel_size": 13,
            "iterations": 1
        },
        "gaussian_blur_params": {
            "kernel_size": 11,
            "sigma": 0
        }
      }
    },
    "20X": {
      "DistCorrBayerValues": [
        [
          [7.377277476416273e-14, -7.313013761683057e-08],
          [7.024236754081738e-14, -6.873088127082578e-08],
          [7.045239308945489e-14, -6.905703823879534e-08],
          [7.148230607868654e-14, -6.7677127287455e-08]
        ]
      ],
      "CropValuesHHWW": [200, 200, 300, 300],
      "PilUnSharpRadius": 1,
      "PilUnSharpPercent": 100,
      "PilBrightness": 0.9,
      "PilContrast": 1.5,
      "PilColSaturation": 1.0
    },
    "40X": {
      "DistCorrBayerValues": [
        [
          [6.89267693e-08, 4.16547585e-16],
          [6.25730105e-08, 1.31457256e-14],
          [6.23110422e-08, 1.39193491e-14],
          [6.15872938e-08, 2.13372238e-14]
        ]
      ],
      "CropValuesHHWW": [200, 200, 300, 300],
      "PilUnSharpRadius": 1,
      "PilUnSharpPercent": 100,
      "PilBrightness": 0.9,
      "PilContrast": 1.5,
      "PilColSaturation": 1.0,
      "NormaliseFactor": 255
    },
    "100X": {
      "DistCorrBayerValues": [
        [
          [2.8371317003224457e-08, 2.3116214158019354e-14],
          [4.388910330692892e-08, 7.075569219619967e-15],
          [4.350885984107617e-08, 7.858848808033866e-15],
          [4.244604088160945e-08, 8.968094778376577e-15]
        ]
      ],
      "CropValuesHHWW": [0, 0, 0, 0],
      "PilUnSharpRadius": 1,
      "PilUnSharpPercent": 150,
      "PilBrightness": 1.5,
      "PilContrast": 1.0,
      "PilColSaturation": 1.1,
      "NormaliseFactor": 255
    }
  },
  "super_impose": {
    "should_super_impose": true,
    "num_stacks_below_best_z": 2,
    "num_stacks_above_best_z": 2,
    "num_wbc_limit_for_superimpose": 50,
    "wbc_sharp_patch_size": 60,
    "debug_superimpose": false,
    "should_invoke_model_post_si": false,
    "psize_for_roi_selection": 72,
    "should_save_raw_stack_info": false,
    "wbc_save_patch_size": 170
  },
  "super_impose_100X": {
    "wbc_sharp_patch_size": 132,
    "psize_for_roi_selection": 170,
    "num_stacks_below_best_z": 6,
    "num_stacks_above_best_z": 2,
    "wbc_save_patch_size": 454
  },

  "rapid_zstack": {
    "default": {
      "first_fov": {
        "fast_step_sharp_thresh": 15,
        "fast_step_size": 100
      },
      "num_max_re_estimation": 1,
      "z_search_delta": 60,
      "fine_z_range_limit": 500,
      "min_sharpness": 35,
      "backlash_step": 600,
      "dummy_image_z_step": 15,
      "sharpness_peak_thresh": 15,
      "sharp_per_drop_1": 0.05,
      "sharp_per_drop_2": 0.1,
      "sharp_abs_drop_1": 5,
      "sharp_abs_drop_2": 5,
      "min_num_point_for_peak": 3,
      "img_quality_psize": 1024,
      "img_quality_sub_psize_for_multipatch": 256,
      "min_zscale_factor": 0.5,
      "max_zscale_factor": 1.3,
      "sharpness_scale_reference": 85,
      "img_scaling_factor": [
        1,
        1
      ],
      "throw_stale_frame": false,
      "focus_step_table": [],
      "default_focus_step": 10,
      "min_sharp_diff": 1.75,
      "num_stack_limit": 20,
      "empty_fov_sharpness_thresh": 20
    },
    "20X": {
      "focus_step_table": [
        [0, 12, 50],
        [12, 20, 40],
        [20, 30, 30],
        [30, 60, 20]
      ],
      "default_focus_step": 15,
      "min_sharpness": 20
    },
    "40X": {
      "focus_step_table": [
        [0, 12, 50],
        [12, 20, 40],
        [20, 30, 30],
        [30, 60, 20]
      ],
      "default_focus_step": 15,
      "min_sharpness": 20

    },
    "100X": {
      "focus_step_table": [
        [0, 12, 50],
        [12, 20, 40],
        [20, 30, 30],
        [30, 40, 20],
        [40, 50, 15]
      ],
      "default_focus_step": 12,
      "min_sharpness": 20
    }
  },
  "app_specific_config": {
    "scan_path": {
      "PBS": {
        "100X": {
          "x_width": 7,
          "y_width": 4.2,
          "x_step": 800,
          "y_step": 1600,
          "scan_pattern": "snake",
          "scan_pattern_first_direction": "left",
          "scan_pattern_second_direction": "down"
        },
        "40X": {
          "x_width": 6,
          "y_width": 6,
          "x_step": 2000,
          "y_step": 3800,
          "scan_pattern": "snake",
          "scan_pattern_first_direction": "left",
          "scan_pattern_second_direction": "down"
        }
      },
      "WSI": {
        "100X": {
          "x_step": 800,
          "y_step": 1600,
          "scan_pattern": "snake",
          "scan_pattern_first_direction": "left",
          "scan_pattern_second_direction": "down"
        },
        "40X": {
          "x_step": 2000,
          "y_step": 3800,
          "scan_pattern": "snake",
          "scan_pattern_first_direction": "left",
          "scan_pattern_second_direction": "down"
        },
        "20X": {
          "x_step": 3800,
          "y_step": 6100,
          "scan_pattern": "snake",
          "scan_pattern_first_direction": "left",
          "scan_pattern_second_direction": "down"
        }
      }
    },
    "monolayer_calibration_pbs": {
      "device": "GPU",
      "max_num_monolayer_fail_count": 5,
      "max_calib_fail_count": 5,
      "monolayer_patch_size": 1024,
      "num_best_sharp_patches": 3,
      "calib_step_y": -6000,
      "calib_stop_sharpness": 35,
      "calib_type2": false,
      "save_calib_fovs": true,
      "capture_feathered_edge_fovs": false,
      "off_set_for_feathered_edge": 5000,
      "min_monolayer_length": 5,
      "length_of_smear_for_calib_in_mm": 25,
      "qi_type": "blood",
      "calibration_thresholds": {
        "cell_count": 120,
        "cell_count_ratio": 0.80,
        "normalised_sharpness": 0,
        "cell_density": 0.1,
        "sharpness": 0
      }
    },
    "isp_ops": {
      "pbs": {
        "100X": ["convert_numpy_to_torch_cuda",
          "ill_normalize",
          "normalise_image_by_factor",
          "convert_frame_to_rgb_on_gpu",
          "apply_image_filters_on_gpu",
          "denoise_and_sharpen_on_gpu",
          "convert_torch_image_to_rgb",
          "background_normalization_v1"],
        "40X": ["convert_numpy_to_torch_cuda",
          "ill_normalize",
          "convert_torch_cuda_to_cupy",
          "dist_corr_bayer_on_gpu",
          "normalise_image_by_factor",
          "convert_cupy_to_torch_cuda",
          "convert_frame_to_rgb_on_gpu",
          "crop_image_on_gpu",
          "apply_image_filters_on_gpu",
          "denoise_and_sharpen_on_gpu",
          "convert_torch_image_to_rgb"
        ]
      },
      "wsi": {
        "100X": [],
        "40X": ["normalise_image_by_factor"],